{
  "BatchSize": 32,
  "SerializedLayers": [
    {
      "Type": "Dropout",
      "KeepProbability": 0.95,
      "LayerSize": 7
    },
    {
      "Type": "InputStandardizing",
      "Mean": [
        91.83023508,
        6.453272462,
        134.6198411,
        0.271564421,
        1.096581775,
        0.03005388,
        0.358017618
      ],
      "Stddev": [
        40.52512998,
        2.58158032,
        65.99428933,
        0.079084393,
        0.562299193,
        0.005797788,
        0.085193567
      ],
      "UnderlyingSerializedLayer": {
        "Bias": [
          0.0,
          0.0,
          0.0,
          0.0,
          0.0,
          0.0,
          0.0,
          0.0
        ],
        "Weights": [
          [
            0.39376954,
            -0.595895648,
            0.164104293,
            -0.285295429,
            -0.092584789,
            0.59120569,
            -0.036568465,
            -0.069391209

          ],
          [
            -0.277563754,
            -0.28415094,
            -0.078993928,
            0.31843813,
            0.450848632,
            0.203940798,
            0.456087637,
            -0.499275754


          ],
          [
            -0.499903756,
            -0.468882486,
            -0.352998853,
            -0.121292856,
            -0.231050945,
            0.028027729,
            0.579988499,
            0.046169422

          ],
          [
            -0.008509346,
            0.573436586,
            -0.297542506,
            0.433246607,
            0.586665805,
            0.163701083,
            0.33602383,
            0.366722942

          ],
          [
            0.081619653,
            0.092570541,
            -0.20554631,
            -0.552991027,
            -0.529415103,
            0.456845407,
            -0.470421753,
            -0.016987835

          ],
          [
            -0.477025077,
            -0.345209388,
            0.474508868,
            -0.477836803,
            -0.050347232,
            -0.482170996,
            0.531597774,
            -0.110268149

          ],
          [
            0.2634768,
            0.144806799,
            -0.340522426,
            -0.148117029,
            -0.531406022,
            -0.323126502,
            0.50415241,
            0.014027754

          ]
        ],
        "ActivatorType": "Tanh",
        "GradientAdjustmentParameters": {
          "StepSize": 0.001,
          "FirstMomentDecay": 0.9,
          "SecondMomentDecay": 0.999,
          "DenominatorFactor": 0.00000001,
          "Type": "Adam"
        },
        "Type": "Standard"
      }
    },
    {
      "Type": "Dropout",
      "KeepProbability": 0.95,
      "LayerSize": 8
    },
    {
      "Type": "WeightDecay",
      "DecayRate": 0.0,
      "UnderlyingSerializedLayer": {
        "Bias": [
          0.0,
          0.0,
          0.0,
          0.0
        ],
        "Weights": [
          [
            -0.288867352,
            -0.221815183,
            0.589876093,
            0.582838619

          ],
          [
            -0.307189737,
            0.154955074,
            0.647487341,
            -0.044328312

          ],
          [
            0.514316544,
            -0.054524568,
            0.463159398,
            -0.030441715

          ],
          [
            0.164538101,
            -0.269994136,
            -0.010226988,
            -0.089906054

          ],
          [
            0.337206654,
            0.552706038,
            -0.476644169,
            -0.348004557

          ],
          [
            0.234772848,
            -0.188049503,
            0.010601269,
            0.042384302

          ],
          [
            -0.187458861,
            0.021104195,
            0.352084985,
            0.022210183

          ],
          [
            -0.134425918,
            -0.372391048,
            0.419967012,
            -0.382325782

          ]
        ],
        "ActivatorType": "Tanh",
        "GradientAdjustmentParameters": {
          "StepSize": 0.001,
          "FirstMomentDecay": 0.9,
          "SecondMomentDecay": 0.999,
          "DenominatorFactor": 0.00000001,
          "Type": "Adam"

        },
        "Type": "Standard"
      }
    },
    {
      "Type": "Dropout",
      "KeepProbability": 0.95,
      "LayerSize": 4
    },

    {
      "Type": "WeightDecay",
      "DecayRate": 0.0,
      "UnderlyingSerializedLayer": {
        "Bias": [
          0.0,
          0.0
        ],
        "Weights": [
          [
            -0.146767489,
            -0.300282775

          ],
          [
            0.098060425,
            -1.144927884

          ],
          [
            -1.151590797,
            0.839547555

          ],
          [
            -0.326240393,
            -1.142730707

          ]
        ],
        "ActivatorType": "Tanh",
        "GradientAdjustmentParameters": {
          "StepSize": 0.001,
          "FirstMomentDecay": 0.9,
          "SecondMomentDecay": 0.999,
          "DenominatorFactor": 1e-8,
          "Type": "Adam"
        },
        "Type": "Standard"
      }
    },
    {
      "Type": "Dropout",
      "KeepProbability": 0.95,
      "LayerSize": 2
    },
    {
      "Type": "WeightDecay",
      "DecayRate": 0.0,
      "UnderlyingSerializedLayer": {
        "Bias": [
          0.0
        ],
        "Weights": [
          [
            0.285857272

          ],
          [
            -1.121837617

          ]
        ],
        "ActivatorType": "Identity",
        "GradientAdjustmentParameters": {
          "StepSize": 0.001,
          "FirstMomentDecay": 0.9,
          "SecondMomentDecay": 0.999,
          "DenominatorFactor": 0.00000001,
          "Type": "Adam"
        },
        "Type": "Standard"
      }
    }

  ]
}