{
  "BatchSize": 32,
  "SerializedLayers": [

    {
      "Type": "InputStandardizing",
      "Mean": [
        91.83023508,
        6.453272462,
        134.6198411,
        0.271564421,
        1.096581775,
        0.03005388,
        0.358017618
      ],
      "Stddev": [
        40.52512998,
        2.58158032,
        65.99428933,
        0.079084393,
        0.562299193,
        0.005797788,
        0.085193567
      ],
      "UnderlyingSerializedLayer": {
        "Bias": [
          0.0,
          0.0,
          0.0,
          0.0,
          0.0,
          0.0,
          0.0,
          0.0
        ],
        "Weights": [
          [
            0.053594488,
            -0.323334068,
            0.58397483,
            -0.695247428,
            0.405832937,
            0.721315758,
            0.041893577,
            -0.05926902

          ],
          [
            -0.36551204,
            0.772414497,
            1.242675064,
            -0.404579897,
            0.073857027,
            -1.184648753,
            -0.594941054,
            -0.343099523


          ],
          [
            -1.279670727,
            -0.671635347,
            -0.681841969,
            0.540260639,
            -0.541761612,
            0.648070666,
            -0.231236259,
            0.21057022

          ],
          [
            0.188778146,
            0.184301962,
            -0.047885319,
            0.367063452,
            -0.223179615,
            -0.18248074,
            -1.123374991,
            -0.637619756

          ],
          [
            -0.425361396,
            0.715763977,
            0.456919523,
            0.363448353,
            0.400723549,
            -0.212560377,
            0.022393679,
            -0.074765511

          ],
          [
            -0.165706902,
            -0.326777193,
            -1.296063548,
            0.302320435,
            0.581677793,
            -0.854298392,
            0.371007914,
            0.348543136

          ],
          [
            -0.380482887,
            0.512179667,
            0.585462435,
            0.218992688,
            -0.619577686,
            -0.716365582,
            0.602059438,
            0.297104703

          ]
        ],
        "ActivatorType": "RelU",
        "GradientAdjustmentParameters": {
          "StepSize": 0.0001,
          "FirstMomentDecay": 0.9,
          "SecondMomentDecay": 0.999,
          "DenominatorFactor": 0.00000001,
          "Type": "Adam"
        },
        "Type": "Standard"
      }
    },

    {
      "Type": "L2Penalty",
      "PenaltyCoefficient": 0.0,
      "UnderlyingSerializedLayer": {
        "Bias": [
          0.0,
          0.0,
          0.0,
          0.0
        ],
        "Weights": [
          [
            -0.026446308,
            -0.28708707,
            1.100258779,
            0.040294159

          ],
          [
            0.11172289,
            -0.314102168,
            -0.362778688,
            0.46990082

          ],
          [
            -0.318242303,
            -0.404633373,
            -0.062108717,
            0.291632529

          ],
          [
            -0.627245414,
            0.596158848,
            0.198690042,
            0.49159141

          ],
          [
            0.039843259,
            -0.237808945,
            0.04008937,
            -0.181224055


          ],
          [
            -0.241154232,
            -0.571726397,
            0.451347082,
            -0.07067946

          ],
          [
            -0.268181484,
            0.506578057,
            0.882925062,
            -0.815270642

          ],
          [
            -0.463972277,
            -0.491778576,
            -0.327566571,
            0.531072491

          ]
        ],
        "ActivatorType": "RelU",
        "GradientAdjustmentParameters": {
          "StepSize": 0.0001,
          "FirstMomentDecay": 0.9,
          "SecondMomentDecay": 0.999,
          "DenominatorFactor": 0.00000001,
          "Type": "Adam"

        },
        "Type": "Standard"
      }
    },

    {
      "Type": "L2Penalty",
      "PenaltyCoefficient": 0.0,
      "UnderlyingSerializedLayer": {
        "Bias": [
          0.0,
          0.0
        ],
        "Weights": [
          [
            -0.813617591,
            -0.566943153

          ],
          [
            0.734820554,
            0.115540316

          ],
          [
            -1.216146491,
            0.363015425

          ],
          [
            -0.800234475,
            -0.619871096

          ]
        ],
        "ActivatorType": "RelU",
        "GradientAdjustmentParameters": {
          "StepSize": 0.0001,
          "FirstMomentDecay": 0.9,
          "SecondMomentDecay": 0.999,
          "DenominatorFactor": 0.00000001,
          "Type": "Adam"
        },
        "Type": "Standard"
      }
    },

    {
      "Type": "L2Penalty",
      "PenaltyCoefficient": 0.0,
      "UnderlyingSerializedLayer": {
        "Bias": [
          0.0
        ],
        "Weights": [
          [
            -0.876630111

          ],
          [
            0.882034783
          ]
        ],
        "ActivatorType": "Identity",
        "GradientAdjustmentParameters": {
        "StepSize": 0.001,
        "FirstMomentDecay": 0.9,
        "SecondMomentDecay": 0.999,
        "DenominatorFactor": 0.00000001,
        "Type": "Adam"
        },
        "Type": "Standard"
      }
    }

  ]
}